{"cameraMode":{"drawMode":0,"name":"Shaded","section":"Shading Mode"},"sceneLighting":true,"audioPlay":false,"sceneViewState":{"m_AlwaysRefresh":false,"showFog":true,"showSkybox":true,"showFlares":true,"showImageEffects":true,"showParticleSystems":true,"showVisualEffectGraphs":true,"m_FxEnabled":true},"in2DMode":false,"pivot":{"x":1.8701549768447877,"y":5.526937961578369,"z":-10.435818672180176},"rotation":{"x":0.08285467326641083,"y":-0.6705499887466431,"z":0.07575223594903946,"w":0.7333366870880127},"size":22.07544708251953,"orthographic":false}